id;nom;dt_naissance;dt_livraison
1;Technician;2020-09-29T13:08:05;2020-09-29T16:31:24
2;New Mexico;2020-09-29T18:43:07;2020-09-29T16:35:37
3;Investment Account Delaware;2020-09-30T00:24:27;2020-09-29T19:32:17
4;Turkish Lira Coordinator;2020-09-30T04:34:25;2020-09-29T21:11:17
5;systems;2020-09-30T04:03:42;2020-09-29T17:47:07
6;vortals Metal Pike;2020-09-30T05:01:25;2020-09-29T15:31:48
7;THX orchestration;2020-09-30T03:27:28;2020-09-30T04:56:23
8;e-services;2020-09-30T02:22:50;2020-09-30T00:49:12
9;Future Georgia full-range;2020-09-29T17:36:39;2020-09-29T22:14:43
10;tan 24/7;2020-09-30T00:20:02;2020-09-29T15:38:40
